“‡EΔ‹zν,10,13,3,Δ‹zνn‚Μ\‘Ά‚Ζ‹@”\,Δ‹zν“ΰ‰Θw,‹³φ,Ό‘Ί³΅
“‡EΔ‹zν,10,13,4,Δ‹z‹@”\Έ,Δ‹zν“ΰ‰Θw,‹³φ,Ό‘Ί³΅
“‡EΔ‹zν,10,14,1,Δ‹zν‚Μ‰ζ‘f’f,b—C‰οD–y•a‰@•ϊΛόf’f‰Θ,•”’·,¬–μ›—S–η
“‡EΔ‹zν,10,14,2,‹Ήo“ΰ‚Μ\‘Ά‚Ζ‹Ήoƒhƒƒi[ƒW,zΒνEΔ‹zνO‰Θw,f—Γ‹³φ,‰Α‰κξ’mO
“‡EΔ‹zν,10,14,3,Δ‹z’²ίαQ,ƒGƒ‹ƒ€‚Μ“m“ΰ‰ΘƒNƒƒjƒbƒN,‰@’·,a’J‰p“ρ
“‡EΔ‹zν,10,14,4,Δ‹zν‚Μ‰ζ‘f’fiXόj,Δ‹zν“ΰ‰Θw,ut,ε΄ƒ
“‡EΔ‹zν,10,17,1,γ‹C“ΉΎ³|1i•@‰Θ—Μζj,¨•@τA‰ΘE“θς•”O‰Θw,ut,’†Ϋ—SΆ
“‡EΔ‹zν,10,17,2,γ‹C“ΉΎ³|2iτ“E‹CΗj,¨•@τA‰ΘE“θς•”O‰Θw,y‹³φ,–{Τ–ΎG
“‡EΔ‹zν,10,18,1,Δ‹zνΎ³‚Μ•a—f’fiξα‡«”xΎ³j,•a—•”,‹³φ,Ό–μ‹gG
“‡EΔ‹zν,10,18,2,Δ‹zνΎ³‚Μ•a—f’fi‰Η«”xΎ³j,•a—•”,‹³φ,Ό–μ‹gG
“‡EΔ‹zν,10,18,3,‹CΗxb‘§,Δ‹zν“ΰ‰Θw,y‹³φ,΅–μ“N
“‡EΔ‹zν,10,18,4,–Ζ‰uƒAƒƒ‹ƒM[«”xΎ³,Δ‹zν“ΰ‰Θw,y‹³φ,΅–μ“N
“‡EΔ‹zν,10,19,1,”xξα‡,Δ‹zν“ΰ‰Θw,•‹³,’©”δ“ή”£
“‡EΔ‹zν,10,19,2,”xzΒαQ,Δ‹zν“ΰ‰Θw,“Α”C‹³φ,’–μκO
“‡EΔ‹zν,10,19,3,”xξα‡‚ΜO‰Θ΅—Γ‚ΖpγΗ—,zΒνEΔ‹zνO‰Θw,f—Γ‹³φ,‰Α‰κξ’mO
“‡EΔ‹zν,10,19,4,‹CΗx‹Ύ‚Ι‚ζ‚ιf’f‚Ζ΅—Γ,Δ‹zν“ΰ‰Θw,ut,•iμ®•¶
“‡EΔ‹zν,10,20,1,E‹Ζ«”xΎ³,–kC“Ή’†‰›JΠ•a‰@,–Ό—_‰@’·,–Ψ‘Ί΄‰„
“‡EΔ‹zν,10,20,2,”x‹j,–kC“Ήγ—ΓƒZƒ“ƒ^[,ƒRƒ“ƒvƒ‰ƒCƒAƒ“ƒX“‡•”’·,™“c—Lμ
“‡EΔ‹zν,10,20,3,Δ‹zνjγwΈ,jγw,‹³φ,‹Κ–Ψ’·—Η
“‡EΔ‹zν,10,20,4,Δ‹z•s‘S,–kC“Ή’†‰›JΠ•a‰@,‰@’·,‹{–{°“ρ
“‡EΔ‹zν,10,21,1,ΤΏ«”x‰,–kC“Ή’†‰›JΠ•a‰@,•›‰@’·,‘ε’Λ‹`‹I
“‡EΔ‹zν,10,21,2,–«•ΒΗ”xΎ³,Δ‹zν“ΰ‰Θw,•‹³,—ι–Ψ‰λ
“‡EΔ‹zν,10,21,3,‹C“ΉE‹Ή•ΗE‰΅u–‚ΜO‰Θ΅—Γ,zΒνEΔ‹zνO‰Θw,y‹³φ,”σ“cN_
“‡EΔ‹zν,10,21,4,cuΎ³‚Μf’f‚ΖO‰Θ΅—Γ,zΒνEΔ‹zνO‰Θw,y‹³φ,”σ“cN_
“‡EΔ‹zν,10,24,1,‹Ή–Ύ³‚Μf’f‚ΖO‰Θ΅—Γ,zΒνEΔ‹zνO‰Θw,f—Γ‹³φ,‰Α‰κξ’mO
“‡EΔ‹zν,10,24,2,Δ‹zν΄υΗ,Δ‹zν“ΰ‰Θw,y‹³φ,“μ{΄Ns
“‡EΔ‹zν,10,24,3,ƒƒ“ƒp–¬Η‹ΨξΗA”x–E’`”’ΗAƒ‰ƒ“ƒQƒ‹ƒnƒ“ƒXΧ–E‘gD‹…Η,Δ‹zν“ΰ‰Θw,•‹³,΄…Oq
“‡EΔ‹zν,10,24,4,‹Ή•”O,θξkm‰ο•a‰@,‰@’·,¬“c‹g–Ύ
“‡EΔ‹zν,10,25,1,ζ“V«”xΎ³A‚Μ‚¤–E«”xΎ³‚ΜO‰Θ΅—Γ,Α‰»νO‰Θw‡T,“Α”C•‹³,‹{ι‹v”V
“‡EΔ‹zν,10,25,2,Δ‹zνΎ³‚Μ–ς•¨΅—Γi‹CΗxg’£–ςAR‰Η–ςA‹α‚–ςj,Χ–E–ς—w,ut,–x”V“ΰFL
“‡EΔ‹zν,10,27,4,±,,,
